Instrument,Name,Sektor,Lista
ARION-SDB,Arion Bank SDB,Bank,LargeCap
AZA,Avanza Bank Holding,Bank,LargeCap
SHB-A,Handelsbanken A,Bank,LargeCap
SHB-B,Handelsbanken B,Bank,LargeCap
NOBA,NOBA Bank,Bank,LargeCap
NDA-SE,Nordea Bank,Bank,LargeCap
SEB-A,SEB A,Bank,LargeCap
SEB-C,SEB C,Bank,LargeCap
SWED-A,Swedbank A,Bank,LargeCap
AAK,AAK,Dagligvaror,LargeCap
AXFO,Axfood,Dagligvaror,LargeCap
ESSITY-A,Essity A,Dagligvaror,LargeCap
ESSITY-B,Essity B,Dagligvaror,LargeCap
IPCO,International Petroleum Corp.,Energi,LargeCap
ATRLJ-B,Atrium Ljungberg B,Fastigheter,LargeCap
BALD-B,Balder B,Fastigheter,LargeCap
CAST,Castellum,Fastigheter,LargeCap
CATE,Catena,Fastigheter,LargeCap
CORE-A,Corem Property Group A,Fastigheter,LargeCap
CORE-B,Corem Property Group B,Fastigheter,LargeCap
CORE-D,Corem Property Group D,Fastigheter,LargeCap
CORE-PREF,Corem Property Group Pref,Fastigheter,LargeCap
FABG,Fabege,Fastigheter,LargeCap
FPAR-A,Fastpartner A,Fastigheter,LargeCap
FPAR-D,Fastpartner D,Fastigheter,LargeCap
HEM,Hemnet Group,Fastigheter,LargeCap
HUFV-A,Hufvudstaden A,Fastigheter,LargeCap
NP3,NP3 Fastigheter,Fastigheter,LargeCap
NP3-PREF,NP3 Fastigheter Pref,Fastigheter,LargeCap
NYF,Nyfosa,Fastigheter,LargeCap
PNDX-B,Pandox B,Fastigheter,LargeCap
SAGA-A,Sagax A,Fastigheter,LargeCap
SAGA-B,Sagax B,Fastigheter,LargeCap
SAGA-D,Sagax D,Fastigheter,LargeCap
WALL-B,Wallenstam B,Fastigheter,LargeCap
WIHL,Wihlborgs Fastigheter,Fastigheter,LargeCap
BURE,Bure Equity,Finansiella tjänster,LargeCap
EQT,EQT,Finansiella tjänster,LargeCap
INDU-A,Industrivärden A,Finansiella tjänster,LargeCap
INDU-C,Industrivärden C,Finansiella tjänster,LargeCap
INVE-A,Investor A,Finansiella tjänster,LargeCap
INVE-B,Investor B,Finansiella tjänster,LargeCap
KINV-A,Kinnevik A,Finansiella tjänster,LargeCap
KINV-B,Kinnevik B,Finansiella tjänster,LargeCap
LATO-B,Latour B,Finansiella tjänster,LargeCap
LUND-B,Lundberg B,Finansiella tjänster,LargeCap
SAVE,Nordnet,Finansiella tjänster,LargeCap
ROKO-B,Röko B,Finansiella tjänster,LargeCap
STOR-B,Storskogen B,Finansiella tjänster,LargeCap
SAMPO-SDB,Sampo A SDB,Försäkring,LargeCap
ALIF-B,AddLife B,Hälsovård,LargeCap
ALVO-SDB,Alvotech SDB,Hälsovård,LargeCap
ASKER,Asker Healthcare,Hälsovård,LargeCap
AZN,Astra Zeneca,Hälsovård,LargeCap
BIOA-B,BioArctic B,Hälsovård,LargeCap
BONEX,BONESUPPORT,Hälsovård,LargeCap
CAMX,Camurus,Hälsovård,LargeCap
EKTA-B,Elekta B,Hälsovård,LargeCap
GETI-B,Getinge B,Hälsovård,LargeCap
MCOV-B,Medicover B,Hälsovård,LargeCap
SECT-B,Sectra B,Hälsovård,LargeCap
SOBI,Swedish Orphan Biovitrum,Hälsovård,LargeCap
VIMIAN,Vimian Group,Hälsovård,LargeCap
VITR,Vitrolife,Hälsovård,LargeCap
ABB,ABB,Industri,LargeCap
ADDT-B,Addtech B,Industri,LargeCap
AFRY,AFRY,Industri,LargeCap
ALFA,Alfa Laval,Industri,LargeCap
ASSA-B,Assa Abloy B,Industri,LargeCap
ATCO-A,Atlas Copco A,Industri,LargeCap
ATCO-B,Atlas Copco B,Industri,LargeCap
BEIJ-B,Beijer Ref B,Industri,LargeCap
BRAV,Bravida Holding,Industri,LargeCap
EPRO-B,Electrolux Professional B,Industri,LargeCap
ENGCON-B,engcon B,Industri,LargeCap
EPI-A,Epiroc A,Industri,LargeCap
EPI-B,Epiroc B,Industri,LargeCap
INDT,Indutrade,Industri,LargeCap
LIFCO-B,Lifco B,Industri,LargeCap
LIAB,Lindab International,Industri,LargeCap
LOOMIS,Loomis,Industri,LargeCap
MTRS,Munters Group AB,Industri,LargeCap
NCC-A,NCC A,Industri,LargeCap
NCC-B,NCC B,Industri,LargeCap
NIBE-B,Nibe Industrier B,Industri,LargeCap
NOLA-B,Nolato B,Industri,LargeCap
OEM-B,OEM International B,Industri,LargeCap
PEAB-B,Peab B,Industri,LargeCap
SAAB-B,SAAB B,Industri,LargeCap
SAND,Sandvik,Industri,LargeCap
SECU-B,Securitas B,Industri,LargeCap
SKA-B,Skanska B,Industri,LargeCap
SWEC-A,Sweco A,Industri,LargeCap
SWEC-B,Sweco B,Industri,LargeCap
SYSR,Systemair,Industri,LargeCap
8TRA,TRATON SE,Industri,LargeCap
TREL-B,Trelleborg B,Industri,LargeCap
VSURE,Verisure (EUR),Industri,LargeCap
VOLV-A,Volvo A,Industri,LargeCap
VOLV-B,Volvo B,Industri,LargeCap
ALLEI,Alleima,Råvaror,LargeCap
BILL,Billerud,Råvaror,LargeCap
BOL,Boliden,Råvaror,LargeCap
GRNG,Gränges,Råvaror,LargeCap
HPOL-B,Hexpol B,Råvaror,LargeCap
HOLM-A,Holmen A,Råvaror,LargeCap
HOLM-B,Holmen B,Råvaror,LargeCap
LUG,Lundin Gold,Råvaror,LargeCap
LUMI,Lundin Mining Corporation,Råvaror,LargeCap
SCA-A,SCA A,Råvaror,LargeCap
SCA-B,SCA B,Råvaror,LargeCap
SKF-A,SKF A,Råvaror,LargeCap
SKF-B,SKF B,Råvaror,LargeCap
SSAB-A,SSAB A,Råvaror,LargeCap
SSAB-B,SSAB B,Råvaror,LargeCap
STE-A,Stora Enso A,Råvaror,LargeCap
STE-R,Stora Enso R,Råvaror,LargeCap
TROAX,Troax Group,Råvaror,LargeCap
ASMDEE-B,Asmodee,Sällanköpsvaror,LargeCap
ALIV-SDB,Autoliv SDB,Sällanköpsvaror,LargeCap
BETS-B,Betsson B,Sällanköpsvaror,LargeCap
BILI-A,Bilia A,Sällanköpsvaror,LargeCap
DOM,Dometic Group,Sällanköpsvaror,LargeCap
ELUX-A,Electrolux A,Sällanköpsvaror,LargeCap
ELUX-B,Electrolux B,Sällanköpsvaror,LargeCap
EMBRAC-B,Embracer Group B,Sällanköpsvaror,LargeCap
EVO,Evolution,Sällanköpsvaror,LargeCap
FOI-B,Fenix Outdoor B,Sällanköpsvaror,LargeCap
HM-B,H&M B,Sällanköpsvaror,LargeCap
HUSQ-A,Husqvarna A,Sällanköpsvaror,LargeCap
HUSQ-B,Husqvarna B,Sällanköpsvaror,LargeCap
JM,JM,Sällanköpsvaror,LargeCap
MIPS,Mips,Sällanköpsvaror,LargeCap
NEWA-B,New Wave B,Sällanköpsvaror,LargeCap
THULE,Thule Group,Sällanköpsvaror,LargeCap
VOLCAR-B,Volvo Car B,Sällanköpsvaror,LargeCap
ANOD-B,Addnode Group B,Teknik,LargeCap
BETCO,Better Collective,Teknik,LargeCap
HACK,Hacksaw,Teknik,LargeCap
HEXA-B,Hexagon B,Teknik,LargeCap
LAGR-B,Lagercrantz Group B,Teknik,LargeCap
MYCR,Mycronic,Teknik,LargeCap
NCAB,NCAB Group,Teknik,LargeCap
SINCH,Sinch,Teknik,LargeCap
TIETOS,Tieto Evry,Teknik,LargeCap
TRUE-B,Truecaller,Teknik,LargeCap
VIT-B,Vitec Software Group B,Teknik,LargeCap
YUBICO,Yubico,Teknik,LargeCap
ERIC-A,Ericsson A,Telekommunikation,LargeCap
ERIC-B,Ericsson B,Telekommunikation,LargeCap
HMS,HMS Networks,Telekommunikation,LargeCap
TEL2-A,Tele2 A,Telekommunikation,LargeCap
TEL2-B,Tele2 B,Telekommunikation,LargeCap
TELIA,Telia Company,Telekommunikation,LargeCap
ENITY,Enity,Bank,MidCap
NORION,Norion Bank,Bank,MidCap
TFBANK,TF Bank,Bank,MidCap
APOTEA,Apotea,Dagligvaror,MidCap
CLA-B,Cloetta,Dagligvaror,MidCap
DUNI,Duni,Dagligvaror,MidCap
HUMBLE,Humble Group,Dagligvaror,MidCap
SCST,Scandi Standard,Dagligvaror,MidCap
EOLU-B,Eolus B,Energi,MidCap
MER,Meren Energy,Energi,MidCap
ORRON,Orrön Energy,Energi,MidCap
BESQAB,Besqab,Fastigheter,MidCap
BESQAB-PREF-B,Besqab Pref B,Fastigheter,MidCap
BRIN-B,Brinova Fastigheter B,Fastigheter,MidCap
CIBUS,Cibus Nordic Real Estate,Fastigheter,MidCap
DIOS,Diös Fastigheter,Fastigheter,MidCap
EAST,Eastnine,Fastigheter,MidCap
EMIL-B,Emilshus B,Fastigheter,MidCap
EMIL-PREF,Emilshus Pref,Fastigheter,MidCap
GPG,Genova Property Group,Fastigheter,MidCap
HEBA-B,Heba B,Fastigheter,MidCap
INTEA-B,Intea Fastigheter B,Fastigheter,MidCap
INTEA-D,Intea Fastigheter D,Fastigheter,MidCap
JOMA,John Mattson,Fastigheter,MidCap
KFAST-B,K-Fast Holding B,Fastigheter,MidCap
KLARA-B,KlaraBo,Fastigheter,MidCap
LOGI-A,Logistea A,Fastigheter,MidCap
LOGI-B,Logistea B,Fastigheter,MidCap
NEOBO,Neobo Fastigheter,Fastigheter,MidCap
NIVI-B,Nivika,Fastigheter,MidCap
PLAZ-B,Platzer Fastigheter Holding B,Fastigheter,MidCap
PRISMA,Prisma Properties,Fastigheter,MidCap
SBB-B,SBB Norden B,Fastigheter,MidCap
SBB-D,SBB Norden D,Fastigheter,MidCap
STEF-B,Stendörren Fastigheter B,Fastigheter,MidCap
SFAST,Stenhus Fastigheter i Norden,Fastigheter,MidCap
SVEAF,Sveafastigheter,Fastigheter,MidCap
SLP-B,Swedish Logistic Property B,Fastigheter,MidCap
TRIAN-B,Trianon B,Fastigheter,MidCap
CAT-A,Catella A,Finansiella tjänster,MidCap
CAT-B,Catella B,Finansiella tjänster,MidCap
CS,CoinShares International Limited,Finansiella tjänster,MidCap
CRED-A,Creades A,Finansiella tjänster,MidCap
FLERIE,Flerie,Finansiella tjänster,MidCap
HOFI,Hoist Finance,Finansiella tjänster,MidCap
INTRUM,Intrum,Finansiella tjänster,MidCap
LINC,Linc,Finansiella tjänster,MidCap
RATO-A,Ratos A,Finansiella tjänster,MidCap
RATO-B,Ratos B,Finansiella tjänster,MidCap
RESURS,Resurs Holding,Finansiella tjänster,MidCap
SVOL-A,Svolder A,Finansiella tjänster,MidCap
SVOL-B,Svolder B,Finansiella tjänster,MidCap
TRAC-B,Traction B,Finansiella tjänster,MidCap
VEFAB,VEF,Finansiella tjänster,MidCap
VNV,VNV Global,Finansiella tjänster,MidCap
ORES,Öresund,Finansiella tjänster,MidCap
AMBEA,Ambea,Hälsovård,MidCap
ARJO-B,Arjo,Hälsovård,MidCap
ATT,Attendo,Hälsovård,MidCap
BACTI-B,Bactiguard Holding B,Hälsovård,MidCap
BICO,BICO Group,Hälsovård,MidCap
BIOG-B,BioGaia B,Hälsovård,MidCap
BINV,BioInvent International,Hälsovård,MidCap
CEVI,CellaVision,Hälsovård,MidCap
CINPHA,Cinclus Pharma,Hälsovård,MidCap
HNSA,Hansa Biopharma,Hälsovård,MidCap
HUM,Humana,Hälsovård,MidCap
MCAP,MedCap,Hälsovård,MidCap
RAY-B,RaySearch Laboratories B,Hälsovård,MidCap
SEDANA,Sedana Medical,Hälsovård,MidCap
XVIVO,Xvivo Perfusion,Hälsovård,MidCap
ALIG,Alimak Group,Industri,MidCap
AQ,AQ Group,Industri,MidCap
BERG-B,Bergman & Beving B,Industri,MidCap
BTS-B,BTS Group B,Industri,MidCap
BUFAB,Bufab,Industri,MidCap
AJA-B,Byggmästare Anders J Ahlström Holding B,Industri,MidCap
CCC,Cavotec Group,Industri,MidCap
COOR,Coor Service Management Holding,Industri,MidCap
CTT,CTT Systems,Industri,MidCap
ELAN-B,Elanders B,Industri,MidCap
EPEN,Ependion,Industri,MidCap
EWRK,Ework Group,Industri,MidCap
FAG,Fagerhult Group,Industri,MidCap
FG,Fasadgruppen,Industri,MidCap
FMM-B,FM Mattsson B,Industri,MidCap
GREEN,Green Landscaping Group,Industri,MidCap
HANZA,HANZA,Industri,MidCap
INSTAL,Instalco,Industri,MidCap
IVSO,INVISIO,Industri,MidCap
INWI,Inwido,Industri,MidCap
ITAB,ITAB Shop Concept,Industri,MidCap
KAR,Karnov Group,Industri,MidCap
MILDEF,MilDef Group,Industri,MidCap
MMGR-B,Momentum Group B,Industri,MidCap
NMAN,Nederman Holding,Industri,MidCap
PCELL,PowerCell Sweden,Industri,MidCap
REJL-B,Rejlers B,Industri,MidCap
SDIP-B,Sdiptech B,Industri,MidCap
SDIP-PREF,Sdiptech Pref,Industri,MidCap
VOLO,Volati,Industri,MidCap
VOLO-PREF,Volati Pref,Industri,MidCap
XANO-B,XANO Industri B,Industri,MidCap
ARISE,Arise,Kraft,MidCap
ARP,Arctic Paper,Råvaror,MidCap
BEIA-B,Beijer Alma B,Råvaror,MidCap
RROS,Rottneros,Råvaror,MidCap
VISC,Viscaria,Råvaror,MidCap
ACAD,AcadeMedia,Sällanköpsvaror,MidCap
ALLIGO-B,Alligo B,Sällanköpsvaror,MidCap
BHG,BHG Group,Sällanköpsvaror,MidCap
BONAV-A,Bonava A,Sällanköpsvaror,MidCap
BONAV-B,Bonava B,Sällanköpsvaror,MidCap
BOOZT,Boozt,Sällanköpsvaror,MidCap
BMAX,Byggmax Group,Sällanköpsvaror,MidCap
CLAS-B,Clas Ohlson B,Sällanköpsvaror,MidCap
G2M,Gentoo Media,Sällanköpsvaror,MidCap
KABE-B,KABE Group B,Sällanköpsvaror,MidCap
MEKO,MEKO,Sällanköpsvaror,MidCap
MTG-A,MTG A,Sällanköpsvaror,MidCap
MTG-B,MTG B,Sällanköpsvaror,MidCap
NOBI,Nobia,Sällanköpsvaror,MidCap
PRFO,Profoto Holding,Sällanköpsvaror,MidCap
RVRC,Revolutionrace,Sällanköpsvaror,MidCap
RUSTA,Rusta,Sällanköpsvaror,MidCap
SHOT,Scandic Hotels Group,Sällanköpsvaror,MidCap
SKIS-B,SkiStar B,Sällanköpsvaror,MidCap
SF,Stillfront Group,Sällanköpsvaror,MidCap
SYNSAM,Synsam,Sällanköpsvaror,MidCap
VBG-B,VBG Group B,Sällanköpsvaror,MidCap
VESTUM,Vestum,Sällanköpsvaror,MidCap
CINT,Cint Group,Teknik,MidCap
DUST,Dustin Group,Teknik,MidCap
DYVOX,Dynavox Group,Teknik,MidCap
ENEA,Enea,Teknik,MidCap
IAR-B,I.A.R Systems Group B,Teknik,MidCap
KNOW,Knowit,Teknik,MidCap
LIME,Lime Technologies,Teknik,MidCap
NOTE,Note,Teknik,MidCap
PRIC-B,Pricer B,Teknik,MidCap
PACT,Proact IT Group,Teknik,MidCap
HTRO,Hexatronic Group,Telekommunikation,MidCap
NETI-B,Net Insight B,Telekommunikation,MidCap
VPLAY-A,Viaplay Group A,Telekommunikation,MidCap
VPLAY-B,Viaplay Group B,Telekommunikation,MidCap
MSON-A,Midsona A,Dagligvaror,SmallCap
MSON-B,Midsona B,Dagligvaror,SmallCap
MAHA-A,Maha Capital,Energi,SmallCap
ACRI-A,Acrinova A,Fastigheter,SmallCap
ACRI-B,Acrinova B,Fastigheter,SmallCap
ANNE-B,Annehem Fastigheter B,Fastigheter,SmallCap
FASTAT,Fastator,Fastigheter,SmallCap
K2A-B,K2A Knaust & Andersson Fastigheter B,Fastigheter,SmallCap
K2A-PREF,K2A Knaust & Andersson Fastigheter Pref,Fastigheter,SmallCap
HAV-B,Havsfrun Investment B,Finansiella tjänster,SmallCap
MANG,Mangold,Finansiella tjänster,SmallCap
NAXS,NAXS,Finansiella tjänster,SmallCap
QLIRO,Qliro,Finansiella tjänster,SmallCap
SEAF,Seafire,Finansiella tjänster,SmallCap
STWK,Stockwik Förvaltning,Finansiella tjänster,SmallCap
SFAB,Solid Försäkring,Försäkring,SmallCap
ACTI,Active Biotech,Hälsovård,SmallCap
ATORX,Alligator Bioscience,Hälsovård,SmallCap
ACE,Ascelia Pharma,Hälsovård,SmallCap
BOUL,Boule Diagnostics,Hälsovård,SmallCap
CRAD-B,C-RAD B,Hälsovård,SmallCap
CANTA,Cantargia,Hälsovård,SmallCap
CARA,Carasent,Hälsovård,SmallCap
DEDI,Dedicare B,Hälsovård,SmallCap
EGTX,Egetis Therapeutics,Hälsovård,SmallCap
EPIS-B,Episurf Medical B,Hälsovård,SmallCap
EQL,EQL Pharma,Hälsovård,SmallCap
IMMNOV,Immunovia,Hälsovård,SmallCap
IBT-B,Infant Bacterial Therapeutics B,Hälsovård,SmallCap
IRLAB-A,IRLAB Therapeutics A,Hälsovård,SmallCap
ISOFOL,Isofol Medical,Hälsovård,SmallCap
KDEV,Karolinska Development B,Hälsovård,SmallCap
MVIR,Medivir,Hälsovård,SmallCap
IMMU,Mendus,Hälsovård,SmallCap
MOB,Moberg Pharma,Hälsovård,SmallCap
NICA,Nanologica,Hälsovård,SmallCap
ONCO,Oncopeptides,Hälsovård,SmallCap
ORX,Orexo,Hälsovård,SmallCap
QLINEA,Q-Linea,Hälsovård,SmallCap
SANION,Saniona,Hälsovård,SmallCap
SEZI,Senzime,Hälsovård,SmallCap
SYNACT,SynAct Pharma,Hälsovård,SmallCap
VICO,Vicore Pharma Holding,Hälsovård,SmallCap
VIVE,Vivesto,Hälsovård,SmallCap
XBRANE,Xbrane Biopharma,Hälsovård,SmallCap
XSPRAY,Xspray Pharma,Hälsovård,SmallCap
ARPL,Arla Plast,Industri,SmallCap
BALCO,Balco Group,Industri,SmallCap
BERNER-B,Berner Industrier B,Industri,SmallCap
BONG,Bong,Industri,SmallCap
CNCJO-B,Concejo B,Industri,SmallCap
CTEK,CTEK,Industri,SmallCap
ELTEL,Eltel,Industri,SmallCap
FNM,Ferronordic,Industri,SmallCap
HAKI-A,HAKI Safety A,Industri,SmallCap
HAKI-B,HAKI Safety B,Industri,SmallCap
IS,Image Systems,Industri,SmallCap
INFREA,Infrea,Industri,SmallCap
INISS-B,Inission B,Industri,SmallCap
KARNEL-B,Karnell,Industri,SmallCap
MEAB-B,Malmbergs Elektriska B,Industri,SmallCap
NETEL,Netel,Industri,SmallCap
PION-B,PION Group B,Industri,SmallCap
RAIL,Railcare Group,Industri,SmallCap
SINT,Sintercast,Industri,SmallCap
SVIK,Studsvik,Industri,SmallCap
SVED-B,Svedbergs Group B,Industri,SmallCap
WTW-A,Wall to Wall Group A,Industri,SmallCap
WISE,Wise Group,Industri,SmallCap
WBGR-B,Wästbygg,Industri,SmallCap
BEGR,BE Group,Råvaror,SmallCap
DURC-B,Duroc B,Råvaror,SmallCap
NORB-B,Nordisk Bergteknik,Råvaror,SmallCap
PROF-B,ProfilGruppen B,Råvaror,SmallCap
ATIC,Actic Group,Sällanköpsvaror,SmallCap
BORG,Björn Borg,Sällanköpsvaror,SmallCap
BULTEN,Bulten,Sällanköpsvaror,SmallCap
CTM,Catena Media,Sällanköpsvaror,SmallCap
ELON,Elon,Sällanköpsvaror,SmallCap
EG7,Enad Global 7,Sällanköpsvaror,SmallCap
ENRO,Eniro Group,Sällanköpsvaror,SmallCap
G5EN,G5 Entertainment,Sällanköpsvaror,SmallCap
LAMM-B,Lammhults Design Group B,Sällanköpsvaror,SmallCap
MOMENT,Moment Group,Sällanköpsvaror,SmallCap
NELLY,Nelly Group,Sällanköpsvaror,SmallCap
NIL-B,Nilörngruppen B,Sällanköpsvaror,SmallCap
PIERCE,Pierce Group,Sällanköpsvaror,SmallCap
STAR-A,Starbreeze A,Sällanköpsvaror,SmallCap
STAR-B,Starbreeze B,Sällanköpsvaror,SmallCap
ANOT,Anoto Group,Teknik,SmallCap
B3,B3 Consulting Group,Teknik,SmallCap
FING-B,Fingerprint Cards B,Teknik,SmallCap
FPIP,Formpipe Software,Teknik,SmallCap
GARO,Garo,Teknik,SmallCap
MSAB-B,Micro Systemation B,Teknik,SmallCap
SAFETY-B,mySafety Group B,Teknik,SmallCap
NTEK-B,Novotek B,Teknik,SmallCap
PREC,Precise Biometrics,Teknik,SmallCap
PREV-B,Prevas B,Teknik,SmallCap
SGG,Sensys Gatso Group,Teknik,SmallCap
SIVE,Sivers Semiconductors,Teknik,SmallCap
SLEEP,Sleep Cycle,Teknik,SmallCap
SOF-B,Softronic B,Teknik,SmallCap
TOBII,Tobii,Teknik,SmallCap
TRAD,TradeDoubler,Teknik,SmallCap
DORO,Doro,Telekommunikation,SmallCap
OVZON,Ovzon,Telekommunikation,SmallCap
TRANS,Transtema Group,Telekommunikation,SmallCap
LEA,Lea Bank,Bank,FirstNorth
CHEF,Cheffelo,Dagligvaror,FirstNorth
VIVA,Viva Wine,Dagligvaror,FirstNorth
CLIME-B,Climeon B,Energi,FirstNorth
HEXI,Hexicon,Energi,FirstNorth
MIDS,Midsummer,Energi,FirstNorth
AGROUP,Arlandastad Group,Fastigheter,FirstNorth
FNOVA-B,Fortinova Fastigheter,Fastigheter,FirstNorth
STUDBO,Studentbostäder i Norden,Fastigheter,FirstNorth
NAVIGO-STAM,Navigo Invest,Finansiella tjänster,FirstNorth
NAVIGO-PREF,Navigo Invest Pref,Finansiella tjänster,FirstNorth
VER,Verve Group,Finansiella tjänster,FirstNorth
ACARIX,Acarix,Hälsovård,FirstNorth
ADDV-A,ADDvise Group A,Hälsovård,FirstNorth
ADDV-B,ADDvise Group B,Hälsovård,FirstNorth
ALZCUR,AlzeCure Pharma,Hälsovård,FirstNorth
BIOVIC-B,Biovica International B,Hälsovård,FirstNorth
DVYSR,Devyser Diagnostics,Hälsovård,FirstNorth
IMP-A-SDB,Implantica,Hälsovård,FirstNorth
MEDS,Meds Apotek,Hälsovård,FirstNorth
NANOFS,Nanoform Finland,Hälsovård,FirstNorth
NOVKAN,Novakand Pharma,Hälsovård,FirstNorth
PTRK,Physitrack,Hälsovård,FirstNorth
SPEC,SpectraCure AB,Hälsovård,FirstNorth
SPRINT,Sprint Bioscience,Hälsovård,FirstNorth
BYGGP,ByggPartner Gruppen,Industri,FirstNorth
KBC,KB Components,Industri,FirstNorth
NYAB,NYAB,Industri,FirstNorth
QBEN,Qben Infra,Industri,FirstNorth
QAIR,QleanAir,Industri,FirstNorth
QSYS,Qualisys,Industri,FirstNorth
SALT-B,SaltX Technology Holding B,Industri,FirstNorth
TAGM-B,TagMaster B,Industri,FirstNorth
TSEC,Tempest Security,Industri,FirstNorth
NEXAM,Nexam Chemical Holding,Kemi,FirstNorth
AGES-B,Ages Industri B,Råvaror,FirstNorth
DRIL,Drillcon,Råvaror,FirstNorth
GRANGX,GRANGEX,Råvaror,FirstNorth
ACROUD,ACROUD,Sällanköpsvaror,FirstNorth
BOKUS,Bokusgruppen,Sällanköpsvaror,FirstNorth
EMBELL,Embellence Group,Sällanköpsvaror,FirstNorth
LYKO-A,Lyko Group A,Sällanköpsvaror,FirstNorth
MAGI,MAG Interactive,Sällanköpsvaror,FirstNorth
PDX,Paradox Interactive,Sällanköpsvaror,FirstNorth
RAKE,Raketech,Sällanköpsvaror,FirstNorth
RUG,RugVista Group,Sällanköpsvaror,FirstNorth
THUNDR,Thunderful Group,Sällanköpsvaror,FirstNorth
ZZ-B,Zinzino B,Sällanköpsvaror,FirstNorth
4C,4C Group,Teknik,FirstNorth
ACAST,Acast,Teknik,FirstNorth
ADVE,Advenica,Teknik,FirstNorth
AVEN,Avensia,Teknik,FirstNorth
BRIGHT,BrightBid Group,Teknik,FirstNorth
CAG,CAG Group,Teknik,FirstNorth
CX,Combinedx,Teknik,FirstNorth
DEVP-B,DevPort,Teknik,FirstNorth
DIST,DistIT,Teknik,FirstNorth
FRACTL,Fractal Gaming Group,Teknik,FirstNorth
FREJA,Freja eID Group,Teknik,FirstNorth
GIG-SDB,GiG Software,Teknik,FirstNorth
MNTC,Mentice,Teknik,FirstNorth
ONEF,Oneflow,Teknik,FirstNorth
PRCO-B,Precio Fishbone B,Teknik,FirstNorth
TERRNT-B,Terranet B,Teknik,FirstNorth
AAC,AAC Clyde Space,Telekommunikation,FirstNorth
GOMX,GomSpace Group,Telekommunikation,FirstNorth
AGTIRA-B,Agtira B,Dagligvaror,FirstNorthPremier
ARCTIC,Arctic Blue Beverages,Dagligvaror,FirstNorthPremier
DUG,DUG Foodtech,Dagligvaror,FirstNorthPremier
HAYPP,Haypp Group,Dagligvaror,FirstNorthPremier
HERNO-B,Hernö Gin B,Dagligvaror,FirstNorthPremier
HIGHCO-B,High Coast Distillery B,Dagligvaror,FirstNorthPremier
INT,Intellego Technologies,Dagligvaror,FirstNorthPremier
NNH,New Nordic Healthbrands,Dagligvaror,FirstNorthPremier
NICO,Nicoccino Holding,Dagligvaror,FirstNorthPremier
SNX,Premium Snacks Nordic,Dagligvaror,FirstNorthPremier
SIMRIS-B,Simris Group B,Dagligvaror,FirstNorthPremier
SKMO,Skåne-möllan,Dagligvaror,FirstNorthPremier
SECARE,Swedencare,Dagligvaror,FirstNorthPremier
AEC,Africa Energy Corp,Energi,FirstNorthPremier
META,Metacon,Energi,FirstNorthPremier
MINEST,Minesto,Energi,FirstNorthPremier
STW,SeaTwirl,Energi,FirstNorthPremier
SNM,ShaMaran Petroleum,Energi,FirstNorthPremier
SOLT,SolTech Energy Sweden,Energi,FirstNorthPremier
ALM,ALM Equity,Fastigheter,FirstNorthPremier
ALM-PREF,ALM Equity Pref,Fastigheter,FirstNorthPremier
ATIN,Athanase Innovation,Fastigheter,FirstNorthPremier
BOHO,Boho Group,Fastigheter,FirstNorthPremier
BOHO-PREF,Boho Group Pref,Fastigheter,FirstNorthPremier
BONAS,Bonäsudden Holding,Fastigheter,FirstNorthPremier
DOXA,Doxa,Fastigheter,FirstNorthPremier
HEIM-PREF,Heimstaden Pref,Fastigheter,FirstNorthPremier
KAPIAB,Kallebäck Property Invest,Fastigheter,FirstNorthPremier
LINKAB,Link Prop Investment,Fastigheter,FirstNorthPremier
SOLNA,Solnaberg Property,Fastigheter,FirstNorthPremier
TINGS-A,Tingsvalvet Fastighets A,Fastigheter,FirstNorthPremier
TINGS-B,Tingsvalvet Fastighets B,Fastigheter,FirstNorthPremier
TINGS-PREF,Tingsvalvet Fastighets PREF,Fastigheter,FirstNorthPremier
TITA-B,Titania,Fastigheter,FirstNorthPremier
ALPCOT-B,Alpcot Holding B,Finansiella tjänster,FirstNorthPremier
BMC,Brock Milton Capital,Finansiella tjänster,FirstNorthPremier
CASE,Case,Finansiella tjänster,FirstNorthPremier
FIRST-B,First Venture Sweden,Finansiella tjänster,FirstNorthPremier
FLAT-B,Flat Capital,Finansiella tjänster,FirstNorthPremier
MTI,MTI Investment,Finansiella tjänster,FirstNorthPremier
NAIG-B,Nordic Asia Investment Group 1987,Finansiella tjänster,FirstNorthPremier
NFGAB,Nordic Flanges Group,Finansiella tjänster,FirstNorthPremier
SFL,Safello Group,Finansiella tjänster,FirstNorthPremier
YIELD,SaveLend Group,Finansiella tjänster,FirstNorthPremier
TEQ,Teqnion,Finansiella tjänster,FirstNorthPremier
VH,Västra Hamnen Corporate Finance,Finansiella tjänster,FirstNorthPremier
WRV,Webrock Ventures,Finansiella tjänster,FirstNorthPremier
2CUREX,2cureX,Hälsovård,FirstNorthPremier
ACOU,AcouSort,Hälsovård,FirstNorthPremier
AINO,Aino Health,Hälsovård,FirstNorthPremier
ALZ,Alzinova,Hälsovård,FirstNorthPremier
ANNX,Annexin Pharmaceuticals,Hälsovård,FirstNorthPremier
ARCOMA,Arcoma,Hälsovård,FirstNorthPremier
BIOSGN,Biosergen,Hälsovård,FirstNorthPremier
BRAIN,BrainCool,Hälsovård,FirstNorthPremier
CRNO-B,Cereno Scientific B,Hälsovård,FirstNorthPremier
CMH,Chordate Medical Holding,Hälsovård,FirstNorthPremier
CMH-PREF,Chordate Medical Holding Pref,Hälsovård,FirstNorthPremier
CLS-B,Clinical Laserthermia Systems B,Hälsovård,FirstNorthPremier
CLBIO,Corline Biomedical,Hälsovård,FirstNorthPremier
DMYD-B,Diamyd Medical B,Hälsovård,FirstNorthPremier
DICOT,Dicot Pharma,Hälsovård,FirstNorthPremier
ELIC,Elicera Therapeutics,Hälsovård,FirstNorthPremier
ERMA,Enorama Pharma,Hälsovård,FirstNorthPremier
ENZY,Enzymatica,Hälsovård,FirstNorthPremier
EXPRS2,ExpreS2ion Biotech Holding,Hälsovård,FirstNorthPremier
FLUI,Fluicell,Hälsovård,FirstNorthPremier
FLUO,FluoGuide,Hälsovård,FirstNorthPremier
GABA,Gabather,Hälsovård,FirstNorthPremier
GENO,Genovis,Hälsovård,FirstNorthPremier
GUARD,Guard Therapeutics International,Hälsovård,FirstNorthPremier
ICO,Iconovo,Hälsovård,FirstNorthPremier
IDLDX,IDL Diagnostics,Hälsovård,FirstNorthPremier
INIT,Initiator Pharma,Hälsovård,FirstNorthPremier
INTEG-B,Integrum B,Hälsovård,FirstNorthPremier
IVACC,Intervacc,Hälsovård,FirstNorthPremier
IZAFE-B,iZafe Group B,Hälsovård,FirstNorthPremier
KLAR,Klaria Pharma Holding,Hälsovård,FirstNorthPremier
KONT,Kontigo Care,Hälsovård,FirstNorthPremier
LIDDS,LIDDS,Hälsovård,FirstNorthPremier
LPGO,Lipigon Pharmaceuticals,Hälsovård,FirstNorthPremier
LIPUM,Lipum,Hälsovård,FirstNorthPremier
LNFI,LN Future Invest,Hälsovård,FirstNorthPremier
LARK,Lärkberget,Hälsovård,FirstNorthPremier
MAGLE,Magle Chemoswed,Hälsovård,FirstNorthPremier
MAGNA,Magnasense,Hälsovård,FirstNorthPremier
MODTX,Modus Therapeutics,Hälsovård,FirstNorthPremier
NANEXA,Nanexa,Hälsovård,FirstNorthPremier
NANECH,NanoEcho,Hälsovård,FirstNorthPremier
NEOLA,Neola Medical,Hälsovård,FirstNorthPremier
NEWBRY,Newbury Pharmaceuticals,Hälsovård,FirstNorthPremier
NXTCL,NextCell Pharma AB,Hälsovård,FirstNorthPremier
ONCOZ,OncoZenge,Hälsovård,FirstNorthPremier
ORTI-A,Ortivus A,Hälsovård,FirstNorthPremier
ORTI-B,Ortivus B,Hälsovård,FirstNorthPremier
ORT-B,Ortoma B,Hälsovård,FirstNorthPremier
OSSD,OssDsign,Hälsovård,FirstNorthPremier
PAX,Paxman,Hälsovård,FirstNorthPremier
PERP-B,Perpetua Medical B,Hälsovård,FirstNorthPremier
PILA,Pila Pharma,Hälsovård,FirstNorthPremier
PRO,Promimic,Hälsovård,FirstNorthPremier
PLUN,ProstaLund,Hälsovård,FirstNorthPremier
PROGEN,Prostatype Genomics,Hälsovård,FirstNorthPremier
QLIFE,Qlife Holding,Hälsovård,FirstNorthPremier
QUIA,QUIA PHARMA,Hälsovård,FirstNorthPremier
S2M,S2Medical B,Hälsovård,FirstNorthPremier
SDOS,ScandiDos,Hälsovård,FirstNorthPremier
CMOTEC-B,Scandinavian ChemoTech B,Hälsovård,FirstNorthPremier
HEART,Scandinavian Real Heart,Hälsovård,FirstNorthPremier
SCIB,Scibase Holding,Hälsovård,FirstNorthPremier
SENZA,Senzagen,Hälsovård,FirstNorthPremier
SPAGO,Spago Nanomedical,Hälsovård,FirstNorthPremier
STABL,Stayble Therapeutics,Hälsovård,FirstNorthPremier
STIL,Stille,Hälsovård,FirstNorthPremier
SUS,Surgical Science,Hälsovård,FirstNorthPremier
XINT,Xintela,Hälsovård,FirstNorthPremier
XPC,XP Chemistries,Hälsovård,FirstNorthPremier
ABSO,Absolent Air Care Group,Industri,FirstNorthPremier
ACUVI,Acuvi,Industri,FirstNorthPremier
AXOLOT,Axolot Solutions Holding,Industri,FirstNorthPremier
BAWAT,Bawat Water Technologies,Industri,FirstNorthPremier
BOMILL,BoMill,Industri,FirstNorthPremier
CALVIK,Calviks,Industri,FirstNorthPremier
CARE,Careium,Industri,FirstNorthPremier
CI,Cell Impact,Industri,FirstNorthPremier
DLAB,Dlaboratory Sweden,Industri,FirstNorthPremier
ESGR-B,ES Energy Save Holding B,Industri,FirstNorthPremier
FERRO,Ferroamp,Industri,FirstNorthPremier
FIRE,Firefly,Industri,FirstNorthPremier
FLEXQ,FlexQube,Industri,FirstNorthPremier
FREEM,Freemelt,Industri,FirstNorthPremier
GPX,Gasporox,Industri,FirstNorthPremier
GOTL-A,Gotlandsbolaget A,Industri,FirstNorthPremier
GOTL-B,Gotlandsbolaget B,Industri,FirstNorthPremier
GGEO,Guideline Geo,Industri,FirstNorthPremier
HEGR,Hedera Group,Industri,FirstNorthPremier
HELIO,Heliospectra,Industri,FirstNorthPremier
HILB-B,Hilbert Group,Industri,FirstNorthPremier
IDUN-B,Idun Industrier B,Industri,FirstNorthPremier
LXB,Luxbright,Industri,FirstNorthPremier
LYGRD,Lyckegård,Industri,FirstNorthPremier
MANTEX,Mantex,Industri,FirstNorthPremier
NEPA,Nepa,Industri,FirstNorthPremier
NJOB,NetJobs Group,Industri,FirstNorthPremier
LEVEL,Nordic LEVEL Group,Industri,FirstNorthPremier
NOTEK,Norditek,Industri,FirstNorthPremier
OGUN-B,Ogunsen B,Industri,FirstNorthPremier
OPTI,OptiCept Technologies,Industri,FirstNorthPremier
OXE,OXE Marine,Industri,FirstNorthPremier
PCOM-B,Precomp Solutions B,Industri,FirstNorthPremier
QBIM,QBIM,Industri,FirstNorthPremier
RLOS-B,RanLOS,Industri,FirstNorthPremier
RO,Rolling Optics Holding,Industri,FirstNorthPremier
SAXG,Saxlund Group,Industri,FirstNorthPremier
SES,Scandinavian Enviro Systems,Industri,FirstNorthPremier
SERT,Serstech,Industri,FirstNorthPremier
SIBEK,Sibek,Industri,FirstNorthPremier
SILEON,Sileon,Industri,FirstNorthPremier
SEYE,Smart Eye,Industri,FirstNorthPremier
SUMMAS,Summa Defence,Industri,FirstNorthPremier
TERNOR,Terranor Group,Industri,FirstNorthPremier
TRAIN-B,Train Alliance B,Industri,FirstNorthPremier
VSSAB-B,Viking Supply Ships B,Industri,FirstNorthPremier
VIMAB,Vimab Group,Industri,FirstNorthPremier
W5,W5 Solutions,Industri,FirstNorthPremier
WPAY,Westpay,Industri,FirstNorthPremier
AXIC-A,aXichem A,Kemi,FirstNorthPremier
CINIS,Cinis Fertilizer,Kemi,FirstNorthPremier
CLEM,Clemondo Group,Kemi,FirstNorthPremier
ITECH,I-tech,Kemi,FirstNorthPremier
IMPC,Impact Coatings,Kemi,FirstNorthPremier
LCLEAN,LifeClean International,Kemi,FirstNorthPremier
ORGC,OrganoClick,Kemi,FirstNorthPremier
POLYG,Polygiene Group,Kemi,FirstNorthPremier
AERO,Svenska Aerogel Holding,Kemi,FirstNorthPremier
TRIBO-B,Tribox Group B,Kemi,FirstNorthPremier
CIRCHE,CirChem,Kraft,FirstNorthPremier
DE,Dala Energi,Kraft,FirstNorthPremier
GIGA,Gigasun,Kraft,FirstNorthPremier
MASHUP,Mashup Ireland,Kraft,FirstNorthPremier
ARCT,Arctic Minerals,Råvaror,FirstNorthPremier
BIOEX,Bioextrax,Råvaror,FirstNorthPremier
BOTX,Botnia Gold,Råvaror,FirstNorthPremier
DMXSE-SDB,District Metals Corp SDB,Råvaror,FirstNorthPremier
FNMC-SDB,First Nordic Metals,Råvaror,FirstNorthPremier
GULD,Guldbrev Holding,Råvaror,FirstNorthPremier
LEMSE,Leading Edge Materials Corp.,Råvaror,FirstNorthPremier
LUC,Lucara Diamond Corp,Råvaror,FirstNorthPremier
NIO,Nordic Iron Ore,Råvaror,FirstNorthPremier
BBROOM,Bubbleroom,Sällanköpsvaror,FirstNorthPremier
CANDLE-B,Candles Scandinavia,Sällanköpsvaror,FirstNorthPremier
CDON,CDON,Sällanköpsvaror,FirstNorthPremier
CEDER,Cedergrenska,Sällanköpsvaror,FirstNorthPremier
CLEMO,Clean Motion,Sällanköpsvaror,FirstNorthPremier
DSNO,Desenio,Sällanköpsvaror,FirstNorthPremier
ALBERT,eEducation Albert,Sällanköpsvaror,FirstNorthPremier
EMB,EMB Mission Bound,Sällanköpsvaror,FirstNorthPremier
ENVAR,Envar,Sällanköpsvaror,FirstNorthPremier
FRAG,Fragbite Group,Sällanköpsvaror,FirstNorthPremier
FSPORT,FSport,Sällanköpsvaror,FirstNorthPremier
GCOR,Gaming Corps,Sällanköpsvaror,FirstNorthPremier
GBK,Goodbye Kansas Group,Sällanköpsvaror,FirstNorthPremier
HOTEL,Hotel Fast SSE,Sällanköpsvaror,FirstNorthPremier
KAKEL,Kakel Max,Sällanköpsvaror,FirstNorthPremier
KAMBI,Kambi Group,Sällanköpsvaror,FirstNorthPremier
BRAVE,Kinda Brave,Sällanköpsvaror,FirstNorthPremier
KJELL,Kjell Group,Sällanköpsvaror,FirstNorthPremier
MOBA,M.O.B.A Network,Sällanköpsvaror,FirstNorthPremier
MAV,Mavshack,Sällanköpsvaror,FirstNorthPremier
MAV-BTU,Mavshack AB BTU,Sällanköpsvaror,FirstNorthPremier
MAXENT-B,Maximum Entertainment B,Sällanköpsvaror,FirstNorthPremier
NANOC-B,NanoCap Group B,Sällanköpsvaror,FirstNorthPremier
BOAT,Nimbus Group,Sällanköpsvaror,FirstNorthPremier
NITRO,Nitro Games,Sällanköpsvaror,FirstNorthPremier
NREST,Nordrest,Sällanköpsvaror,FirstNorthPremier
NBZ,Northbaze Group,Sällanköpsvaror,FirstNorthPremier
OBAB,Online Brands Nordic,Sällanköpsvaror,FirstNorthPremier
ORTIN,Ortelius International,Sällanköpsvaror,FirstNorthPremier
QIIWI,Qiiwi Games,Sällanköpsvaror,FirstNorthPremier
REALFI,RealFiction,Sällanköpsvaror,FirstNorthPremier
REFINE,Refine Group,Sällanköpsvaror,FirstNorthPremier
SBOK,ScandBook Holding,Sällanköpsvaror,FirstNorthPremier
SCOUT,Scout Gaming Group,Sällanköpsvaror,FirstNorthPremier
SKOLON,Skolon,Sällanköpsvaror,FirstNorthPremier
SOZAP,Sozap,Sällanköpsvaror,FirstNorthPremier
STORY-B,Storytel B,Sällanköpsvaror,FirstNorthPremier
BUY,Sweden Buyersclub,Sällanköpsvaror,FirstNorthPremier
SODER,Söder Sportfiske,Sällanköpsvaror,FirstNorthPremier
TELLUS,Tellusgruppen,Sällanköpsvaror,FirstNorthPremier
TOURN,Tourn International,Sällanköpsvaror,FirstNorthPremier
UTG,Unlimited Travel Group,Sällanköpsvaror,FirstNorthPremier
USWE,USWE Sports,Sällanköpsvaror,FirstNorthPremier
ACCON,Acconeer,Teknik,FirstNorthPremier
PADEL,Acenta Group,Teknik,FirstNorthPremier
ADTR,Adtraction,Teknik,FirstNorthPremier
AVT-B,AVTECH Sweden B,Teknik,FirstNorthPremier
BUSER,Bambuser,Teknik,FirstNorthPremier
BEAMMW-B,Beammwave B,Teknik,FirstNorthPremier
BIM,BIMobject,Teknik,FirstNorthPremier
BINERO,Binero Group,Teknik,FirstNorthPremier
BRILL,Brilliant Future,Teknik,FirstNorthPremier
CHARGE,Chargepanel,Teknik,FirstNorthPremier
CHECK,Checkin.com Group,Teknik,FirstNorthPremier
CLAV,Clavister,Teknik,FirstNorthPremier
CDMIL,CodeMill,Teknik,FirstNorthPremier
COMPDM,Compodium,Teknik,FirstNorthPremier
CFISH,Crunchfish,Teknik,FirstNorthPremier
DIAH,Diadrom Holding,Teknik,FirstNorthPremier
DIVIO-B,Divio Technologies B,Teknik,FirstNorthPremier
DONE,Done.ai Group,Teknik,FirstNorthPremier
ENERS,Enersize,Teknik,FirstNorthPremier
EXS,Exsitec,Teknik,FirstNorthPremier
FLEXM,Flexion Mobile,Teknik,FirstNorthPremier
FLOWS,Flowscape Technology,Teknik,FirstNorthPremier
FRAM-B,Fram Skandinavien B,Teknik,FirstNorthPremier
GENI,Generic Sweden,Teknik,FirstNorthPremier
GREAT,Greater Than,Teknik,FirstNorthPremier
HIFA-B,Hifab B,Teknik,FirstNorthPremier
INSP,Insplorion,Teknik,FirstNorthPremier
IRIS,Irisity,Teknik,FirstNorthPremier
JLT,JLT Mobile Computers,Teknik,FirstNorthPremier
K33,K33,Teknik,FirstNorthPremier
KENH,Kentima Holding B,Teknik,FirstNorthPremier
KLIMAT,Klimator,Teknik,FirstNorthPremier
LITI,Litium,Teknik,FirstNorthPremier
LOYAL,Loyal Solutions,Teknik,FirstNorthPremier
MODEL,Modelon,Teknik,FirstNorthPremier
NEO-B,Neovici Holding B,Teknik,FirstNorthPremier
NOSA,Nosa Plugs,Teknik,FirstNorthPremier
OBSE,Observit,Teknik,FirstNorthPremier
OODA,OODA AI,Teknik,FirstNorthPremier
OPTER,Opter,Teknik,FirstNorthPremier
QLOSR-B,Qlosr Group B,Teknik,FirstNorthPremier
QCORE,Qlucore,Teknik,FirstNorthPremier
RPLAN,Ranplan Group,Teknik,FirstNorthPremier
SFTR,Safeture,Teknik,FirstNorthPremier
SONE,Sonetel,Teknik,FirstNorthPremier
SPEONE,SpectrumOne,Teknik,FirstNorthPremier
SPOTR,Spotr Group,Teknik,FirstNorthPremier
TENEO,Teneo AI,Teknik,FirstNorthPremier
UNIBAP,Unibap Space Solutions,Teknik,FirstNorthPremier
UPSALE,Upsales Technology,Teknik,FirstNorthPremier
VERT-B,Vertiseit B,Teknik,FirstNorthPremier
VO2,VO2 Cap Holding,Teknik,FirstNorthPremier
VUXEN,Vuxen Group,Teknik,FirstNorthPremier
WPTG-B,White Pearl Technology Group B,Teknik,FirstNorthPremier
XMR,XMReality,Teknik,FirstNorthPremier
ZAPLOX,Zaplox,Teknik,FirstNorthPremier
ALCA,Alcadon Group,Telekommunikation,FirstNorthPremier
BAHN-B,Bahnhof B,Telekommunikation,FirstNorthPremier
BRE2,Bredband2,Telekommunikation,FirstNorthPremier
EFFH,Effnetplattformen Holding,Telekommunikation,FirstNorthPremier
GAPW-B,Gapwaves B,Telekommunikation,FirstNorthPremier
INCOAX,InCoax,Telekommunikation,FirstNorthPremier
KEBNI-B,KebNi B,Telekommunikation,FirstNorthPremier
LUMEN,LumenRadio,Telekommunikation,FirstNorthPremier
MAVEN,Maven Wireless,Telekommunikation,FirstNorthPremier
TALK,TalkPool,Telekommunikation,FirstNorthPremier
TESSIN,Tessin Nordic Holding,Telekommunikation,FirstNorthPremier
WAYS,Waystream Group,Telekommunikation,FirstNorthPremier
WYLD,Wyld Networks,Telekommunikation,FirstNorthPremier
